code,system
C132y00,readv2
Jyu8400,readv2
C137200,readv2
C154z00,readv2
C154000,readv2
C154z12,readv2
C154.00,readv2
A176.00,readv2
C370800,readv2
C10N100,readv2
C370300,readv2
C370500,readv2
C370y00,readv2
C370200,readv2
C137.11,readv2
C132.11,readv2
C137000,readv2
C137111,readv2
C132300,readv2
C132200,readv2
C137100,readv2
C132000,readv2
C132.00,readv2
C132z00,readv2
C132100,readv2
B7H2.11,readv2
BB5Vz00,readv2
BB5V.00,readv2
BB5B300,readv2
BB5B200,readv2
C370400,readv2
677C100,readv2
C370z00,readv2
C370900,readv2
C370.00,readv2
C370111,readv2
C370000,readv2
C370100,readv2
BB5B.00,readv2
BB5Bz00,readv2
J671100,readv2
J671000,readv2
14CH.00,readv2
J671.00,readv2
C154100,readv2
F395000,readv2